model,order,fourier_harmonics,rmse,mae,mape,elapsed_s
SARIMA,"(1, 1, 1)",0,231.37604505890306,162.86441207211033,13.978144958437655,4.389439583999774
SARIMA,"(1, 1, 1)",2,210.58158892900283,141.98066704465631,12.18937587068072,14.470159917000274
SARIMA,"(1, 1, 1)",4,208.47850627089585,141.2399868882991,12.438727925569147,13.318160000000717
SARIMA,"(2, 1, 2)",0,220.74599803130033,151.33682453972872,12.91777171198639,4.751653958001043
SARIMA,"(2, 1, 2)",2,211.312040072776,142.07640167996396,12.176369154570803,18.940887666998606
SARIMA,"(2, 1, 2)",4,209.42196670794854,141.2434963161742,12.420276008584867,22.157754916999693
SARIMA,"(3, 1, 1)",0,221.2112691778239,149.88534139530762,12.681406042823177,4.821110667000539
SARIMA,"(3, 1, 1)",2,210.2183445984787,141.06401308882192,12.104282008249513,20.346933875000104
SARIMA,"(3, 1, 1)",4,208.21015994178197,140.18529816796845,12.335755458546961,20.40883437500088
